{
  "project_info": {
    "project_number": "1002721522639",
    "firebase_url": "https://asusu-igbo.firebaseio.com",
    "project_id": "asusu-igbo",
    "storage_bucket": "asusu-igbo.appspot.com"
  },
  "client": [
    {
      "client_info": {
        "mobilesdk_app_id": "1:1002721522639:android:e8261a66d9abfdc7",
        "android_client_info": {
          "package_name": "com.asusuigbo.frank.asusuigbo"
        }
      },
      "oauth_client": [
        {
          "client_id": "1002721522639-vo1v762le8399g3rmpao4d19u8t1cu8g.apps.googleusercontent.com",
          "client_type": 3
        }
      ],
      "api_key": [
        {
          "current_key": "AIzaSyBhj3bkrMbrEEJjnIsQuToievC95FUheao"
        }
      ],
      "services": {
        "analytics_service": {
          "status": 1
        },
        "appinvite_service": {
          "status": 1,
          "other_platform_oauth_client": []
        },
        "ads_service": {
          "status": 2
        }
      }
    }
  ],
  "configuration_version": "1"
}